step,,fold,rmsle,mape_pct,mae_usd,r2
0,0,0,0.13433244667634617,9.578208921557826,15900.556492962342,0.9201559038467136
0,1,1,0.12076750603887904,8.670605584433673,15309.448255387288,0.9034104417750928
0,2,2,0.1878282075221523,11.296650970399883,19233.473587895194,-0.16488934266429545
0,3,3,0.12294627779538925,8.725091805326338,15131.401734779283,0.9012670797973348
0,4,4,0.11130300728544851,7.835047633475578,13902.282572501914,0.9162213919485327
0,5,5,0.11569437491093962,8.49674851361913,14749.43777709851,0.9384330475111379
0,6,6,0.11676876700564197,8.565750242761256,15651.95184316067,0.897894392795894
0,7,7,0.1166389749950534,8.315615907438294,13633.419794429361,0.9250758790173957
0,8,8,0.1606535586097069,10.13971189716802,16905.352586078283,0.5090669676561185
0,9,9,0.15137485696090652,9.603927036764542,17075.98513305046,0.6720139878078615
0,10,10,0.14653754772140878,9.617060793796938,16443.24651497125,0.7367525878014238
0,11,11,0.12308955398895542,8.470240203879651,14442.152394376004,0.9040829753673563
0,12,12,0.13050549155383886,9.0611829565357,16473.052887056994,0.8794667689172819
0,13,13,0.10901628449673625,8.13514161831539,13693.791676590692,0.9396199203198221
0,14,14,0.16128321794292064,10.012874195254215,16729.984085584616,0.504050140175452
1a,0,0,0.13219326553461228,9.286693757060876,15892.74479138557,0.9039794321315235
1a,1,1,0.12025175493659662,8.428985214215333,15351.936770687753,0.8802477979121588
1a,2,2,0.1736604599016511,10.416817090281706,17799.255839587062,0.22386018403557073
1a,3,3,0.1215821704498005,8.554541254015376,15297.429957380662,0.8948816214207294
1a,4,4,0.10996243248615885,7.626620835025932,13531.797397546674,0.9183406753927217
1a,5,5,0.11561913330535294,8.269640816213169,14736.879753562202,0.9219438661196495
1a,6,6,0.11335112093977542,8.127522798697104,15414.45435813176,0.8780191497321236
1a,7,7,0.11624350262355908,8.321881765943067,13508.485697350312,0.9263950088490371
1a,8,8,0.15383772596619924,9.321834558974123,15706.574842518987,0.571753009088743
1a,9,9,0.1413109441045298,9.160286089003847,16430.997856315473,0.8018279991637404
1a,10,10,0.1368171517647316,9.165801444354654,16149.065161290406,0.8295062854329724
1a,11,11,0.12121061156909561,8.091549328726067,13891.115367937211,0.9005537674905406
1a,12,12,0.12846651297083975,8.782006816929515,16587.246810694825,0.8558833710102817
1a,13,13,0.10901593519297757,8.0734267142301,13704.457087592917,0.9393894629883462
1a,14,14,0.15377859660218088,9.351284193519147,15871.360814458318,0.5820058493504994
1b,0,0,0.13103133949548798,9.084306142436724,15701.967343180728,0.8954584211693835
1b,1,1,0.12102169436388394,8.385698122928039,15397.588211808265,0.8770757812132092
1b,2,2,0.1714938748737564,10.430068889335471,17975.916557257064,0.28504064902220105
1b,3,3,0.1216986254966185,8.560981449082949,15376.515462232039,0.8940921643337526
1b,4,4,0.11165547192526892,7.93831077865435,14044.875465535033,0.9145205607686862
1b,5,5,0.12050789448704044,8.616909643111018,15351.876847221703,0.9080547958829667
1b,6,6,0.1157290895306987,8.229295040430081,15783.883547153018,0.8692090314352912
1b,7,7,0.11564935188146475,8.256164410039197,13457.525892405778,0.9263706514727098
1b,8,8,0.1537368389134963,9.434694143072864,15965.660049826123,0.589499517806878
1b,9,9,0.13852481047170254,8.969265218522557,16220.686341246286,0.8073114221853475
1b,10,10,0.13881248140203623,9.497812655272812,16989.034007514896,0.8196034174749939
1b,11,11,0.1207273826808148,8.220785279925083,13983.557660966164,0.9011177610319534
1b,12,12,0.12874017603485055,8.838596845095346,16953.746081067744,0.8455935176789411
1b,13,13,0.10842174977052221,7.924072884473349,13540.601463354114,0.940166730629941
1b,14,14,0.1540246496895473,9.551698000086642,16512.64745418207,0.5819137410411817
2,0,0,0.12756317812016257,8.933730380929351,14670.339880907493,0.9303556463192727
2,1,1,0.11011647124688281,7.747549445131993,13244.666578003595,0.9461519914691384
2,2,2,0.1670326273633736,10.195485486459594,17526.115778704756,0.411357775920844
2,3,3,0.11381847394220901,8.103196369053594,14255.16543357967,0.9143776106786242
2,4,4,0.10841286910443508,7.961413368910732,13626.952878099355,0.9290387183263623
2,5,5,0.11588277019700938,8.354744750681457,14204.273788079086,0.9397495794901093
2,6,6,0.10613106474674645,7.925608051836942,14388.350092786293,0.9289724980155148
2,7,7,0.11800241993616437,8.338648804561103,13385.137876745059,0.9310366080169223
2,8,8,0.15445382794947662,9.520962504983762,16108.265178131482,0.541960946470696
2,9,9,0.13854842657973843,8.897093508154734,15776.135584504165,0.7632171724736505
2,10,10,0.1419542047225352,9.524461991602898,16697.80053277535,0.7899431287113079
2,11,11,0.11657081100635645,7.927942722344526,13002.144709717446,0.9218373965709191
2,12,12,0.11230126914004077,8.017832935409167,14312.85154490051,0.9273852877994186
2,13,13,0.10699949838077698,7.819967519901273,13044.574819867299,0.9452147475218864
2,14,14,0.1525970438481807,9.436148742816817,15958.13790922725,0.5828362953155881
3a,0,0,0.12614924432507935,8.833984526635001,14589.488086123185,0.9309545501923174
3a,1,1,0.1092078304649481,7.726236550443533,13273.961536925162,0.9447185562148364
3a,2,2,0.16617435764486627,10.24449611443677,17625.34928883072,0.4612909358580203
3a,3,3,0.10907161210366605,7.852421986533733,14008.324711396472,0.9189784452328356
3a,4,4,0.10708298443519955,7.83491470694776,13530.339817624435,0.9292311201421559
3a,5,5,0.10825341259139072,7.961712634178873,13516.783623262347,0.9494179384416545
3a,6,6,0.10294050829666034,7.78695847435398,14162.743540370042,0.9307053227557327
3a,7,7,0.11474637234440867,7.955778583866453,12957.084663154836,0.9325223814294995
3a,8,8,0.15138531963629626,9.260611321228676,15753.706747847385,0.616387907032742
3a,9,9,0.1382536761535872,8.887362182449268,15868.79595011525,0.7580764627895455
3a,10,10,0.1396380825836987,9.252056771275852,16198.099737758866,0.8007798117532525
3a,11,11,0.11231368454567651,7.7253767346218165,12982.660581082735,0.9227902471384242
3a,12,12,0.10753647066806428,7.780555772399037,14237.836610121416,0.9261375190418739
3a,13,13,0.10470867044318376,7.707052427339961,12868.446790058615,0.9463794690689913
3a,14,14,0.149707022943422,9.245185072439012,15601.063023132514,0.6527762384368091
3b,0,0,0.12658198273898133,8.8508834956194,14591.649346703156,0.93096682558513
3b,1,1,0.10898801716133477,7.728587463218135,13278.516677885269,0.9448448062971148
3b,2,2,0.1664842956353254,10.26873006796181,17672.59997459736,0.45924173448762995
3b,3,3,0.10914901813848511,7.853228941920827,14001.813320384834,0.9189668531268746
3b,4,4,0.1071827127077122,7.84722106863889,13498.51535892841,0.9300311441478657
3b,5,5,0.10825113146646438,7.965873114152173,13529.036475694518,0.9493210332603669
3b,6,6,0.10415393981230857,7.848389223364377,14254.658001836038,0.92938382476651
3b,7,7,0.11483806763898412,7.96859611392517,12971.809635503208,0.9325024345639572
3b,8,8,0.15130563085844553,9.264301858986082,15759.105084962335,0.6170568044222282
3b,9,9,0.1378889837006571,8.860197108240762,15797.538508917498,0.76308928537055
3b,10,10,0.1396958832646801,9.25539410519865,16207.274181530938,0.8006461725291859
3b,11,11,0.11220251890810082,7.73132033528737,13005.854287152444,0.9226648152839146
3b,12,12,0.10767010622031259,7.785722946428647,14243.81172516737,0.9260397016408654
3b,13,13,0.10447805581694218,7.690255922163064,12837.407536452949,0.9465779650503863
3b,14,14,0.1497347205209049,9.24164366293121,15595.942445212077,0.6525781494404235
3c,0,0,0.1349589606800961,9.160009533171156,15153.974431325105,0.9061517274809641
3c,1,1,0.1121851569989495,8.147958500375683,14460.693257071713,0.9244567495083046
3c,2,2,0.15352576234666493,9.903228661376343,17251.82049669397,0.7424348750913613
3c,3,3,0.12009505104351667,8.516094195419726,15242.229987488849,0.9051467723266899
3c,4,4,0.10759489618161353,7.45172817890266,13041.94446542679,0.9293963427844323
3c,5,5,0.1283754927862888,8.660105807512544,14884.824472452947,0.9063033168513139
3c,6,6,0.11276570307824393,8.075862108965248,14270.106319576244,0.9146781217586967
3c,7,7,0.12007278698708501,8.249378246263502,13957.397679519485,0.9129579396552155
3c,8,8,0.14222859958406797,9.402600901692553,15677.146262511458,0.845671119700723
3c,9,9,0.13726705776147438,9.03919840636071,16222.45530325078,0.8001996316651707
3c,10,10,0.13720064284673075,8.907687695468518,16020.318422080154,0.824818580724039
3c,11,11,0.11687105024157642,7.840043302885964,13127.89585761149,0.9156698257602207
3c,12,12,0.12485332627878781,8.721146106211885,15665.691328773939,0.8973628708505904
3c,13,13,0.11019112670830505,8.107580469893213,13712.18731854456,0.9367468980829826
3c,14,14,0.13697736594414142,9.160163233203141,16284.318151598445,0.820141028617916
3d,0,0,0.1312718306042775,8.809220154694913,14355.633859366353,0.921715732703306
3d,1,1,0.10092938650258193,7.212326042758696,12797.752293630621,0.9340045983126128
3d,2,2,0.15058767194895642,9.497875450440608,16518.68771845725,0.7125072168816917
3d,3,3,0.11941131261292287,8.203009407302016,14447.687475668748,0.9073291700973317
3d,4,4,0.10265766072853655,7.192812709073561,12542.474846540073,0.9346171909785417
3d,5,5,0.11834639987688737,7.91230713812129,13312.5010900604,0.9288542354907241
3d,6,6,0.1100992937686411,7.515432244621039,13628.867556361969,0.897137159281797
3d,7,7,0.11339661345309547,7.797615465466746,12721.743103221816,0.928672458337361
3d,8,8,0.13790927093688932,8.604346850888565,14373.960576370608,0.8202609599068262
3d,9,9,0.13341231730639863,8.529916567199747,15226.037440713475,0.8016616595428832
3d,10,10,0.13565024004679205,8.757838657734634,15883.635696407637,0.810281251391002
3d,11,11,0.11440239172819654,7.578321533693409,12357.926436641672,0.9245420422129546
3d,12,12,0.11812236435467469,8.047596400414482,14273.03171087871,0.9128643957038288
3d,13,13,0.10716648174023115,7.744643625375377,12940.70722730209,0.9441437069978459
3d,14,14,0.13233187631106266,8.452467237567037,14710.319203862691,0.8119705326666405
4,0,0,0.1258067382081581,8.376389293984069,13651.805869185815,0.9307219602407197
4,1,1,0.10073988496136994,7.033888795318173,12205.665669900249,0.9451520865134415
4,2,2,0.15569740745113736,9.467860701258344,16439.268929977432,0.618683888075921
4,3,3,0.10965121961414943,7.568206990162894,13404.534250122242,0.9199701990260853
4,4,4,0.10138982424459159,7.1445455304092516,12381.970043737034,0.9365029997528878
4,5,5,0.10942901997776071,7.5676079348914405,12775.608705694993,0.9444288545733389
4,6,6,0.1021001670504097,7.264055451317135,13178.511645301858,0.9209454915540232
4,7,7,0.10920362890990977,7.384660112759988,11904.914794615373,0.9370444714632231
4,8,8,0.140479128380108,8.483152597821258,14239.151399472248,0.7460450225157271
4,9,9,0.13258613052524448,8.29489183278682,14852.799219817029,0.7867778277621758
4,10,10,0.133487220116653,8.587156761048165,15105.137164731992,0.8146484138545635
4,11,11,0.1094235489609793,7.211855990976107,11975.942178055988,0.9290484016569621
4,12,12,0.10838994279046298,7.518793516999193,13580.708205203382,0.9257346650329731
4,13,13,0.10270929393241808,7.366612652792331,12261.887598366307,0.9490683801425134
4,14,14,0.13698971197812795,8.443371648553999,14462.911276345805,0.7550578543198695
4x,0,0,0.12743437041610756,8.441777712671675,13822.853905336093,0.9247016975253545
4x,1,1,0.10195904227617822,7.16715184923821,12443.520908286438,0.9419958635297864
4x,2,2,0.15323555705626404,9.429365908893104,16408.747864907993,0.6729875609686946
4x,3,3,0.11054579036002092,7.690827646845139,13728.40212261823,0.9183213616913836
4x,4,4,0.1015537611139324,7.1119309864994635,12370.035961727162,0.9368372164110413
4x,5,5,0.11380420111675801,7.720702374476186,13118.164494795916,0.9348281808505641
4x,6,6,0.10337301572142558,7.354085027797508,13204.939883693181,0.9214553199005789
4x,7,7,0.1107759932660959,7.53872468237404,12366.802428726684,0.9326159095260917
4x,8,8,0.13851170922607048,8.561376885485513,14403.178314891973,0.7925239407937141
4x,9,9,0.13207453063806496,8.288940712168964,14855.327611143663,0.7954839837346674
4x,10,10,0.1325456192770328,8.485153129196526,15070.66255350237,0.8221771914187238
4x,11,11,0.10993745779031311,7.210862909422581,12021.179127494263,0.9274059169174506
4x,12,12,0.11192900392022087,7.739846115735452,13970.030313843481,0.9189577181013264
4x,13,13,0.10328110527185952,7.427647265824035,12423.585501836322,0.9477501795563635
4x,14,14,0.13477384020112596,8.457589628156345,14656.629241346867,0.7884107160550838
