step,configuration,change,rmsle_mean,rmsle_std,mape_mean_pct,mae_mean_usd,r2_mean,r2_worst_fold,folds_better_than_step0,seconds
0,"Ridge, log target (configuration C from Part 1)",starting point,0.1339,0.0229,9.1016,15685.0358,0.7588,-0.1649,,2
1a,+ log1p of skewed numeric columns,skew fixed inside each fold,0.1298,0.0189,8.7319,15324.9202,0.8019,0.2239,15/15,2
1b,+ ordinal quality scores and domain features,"TotalSF, bathrooms, age, quality × area",0.1301,0.018,8.7959,15550.4055,0.8037,0.285,12/15,2
2,"+ drop houses > 4,000 sq ft from training only",dataset author's recommendation,0.126,0.0199,8.5803,14680.0608,0.8269,0.4114,13/15,2
3a,Lasso instead of Ridge,sparser linear model,0.1231,0.0206,8.4036,14478.3123,0.8414,0.4613,15/15,19
3b,Elastic net,,0.1232,0.0205,8.4107,14483.0355,0.8416,0.4592,15/15,81
3c,HistGradientBoosting,"tree model, same features",0.1263,0.0136,8.6229,14998.2003,0.8788,0.7424,11/15,46
3d,"GradientBoosting, Huber loss",robust to remaining unusual sales,0.1217,0.0145,8.1237,14006.0644,0.8794,0.7125,14/15,62
4,Blend: Lasso + GradientBoosting (final),average in log space,0.1185,0.0174,7.8475,13494.7211,0.8707,0.6187,15/15,81
4x,Blend of three (+ HistGradientBoosting),"tried, not kept",0.119,0.0161,7.9084,13657.604,0.8784,0.673,15/15,124
