configuration,train_mape_pct,val_mape_pct,gap_pp,cv_mape_mean_pct,cv_mape_std_pct,val_r2,seed
"A. Random Forest, unconstrained (numeric only)",4.08,11.27,7.18,11.14,0.77,0.878,42
"B. Random Forest, over-regularised (numeric only)",15.12,16.89,1.76,15.38,1.27,0.6787,42
"C. Ridge, log target (all features)",7.97,9.52,1.55,9.15,0.81,0.9217,42
"D. Gradient boosting, log target (all features)",4.18,10.26,6.08,9.61,0.93,0.884,42
"A. Random Forest, unconstrained (numeric only)",4.16,10.36,6.21,11.35,0.8,0.8381,0
"B. Random Forest, over-regularised (numeric only)",15.38,15.15,-0.23,15.72,1.06,0.653,0
"C. Ridge, log target (all features)",7.43,10.16,2.73,8.78,0.87,0.5439,0
"D. Gradient boosting, log target (all features)",3.59,9.44,5.84,9.85,0.56,0.8697,0
"A. Random Forest, unconstrained (numeric only)",4.09,10.15,6.07,11.18,1.3,0.8992,7
"B. Random Forest, over-regularised (numeric only)",15.1,15.26,0.16,15.64,1.66,0.6844,7
"C. Ridge, log target (all features)",8.03,9.08,1.05,9.28,1.27,0.9136,7
"D. Gradient boosting, log target (all features)",4.96,8.96,3.99,9.62,1.4,0.8885,7
"A. Random Forest, unconstrained (numeric only)",4.21,9.92,5.71,11.55,0.64,0.8715,123
"B. Random Forest, over-regularised (numeric only)",15.54,14.15,-1.39,15.82,0.71,0.6987,123
"C. Ridge, log target (all features)",8.35,7.72,-0.63,9.69,0.62,0.92,123
"D. Gradient boosting, log target (all features)",2.97,8.77,5.81,9.85,0.52,0.8885,123
"A. Random Forest, unconstrained (numeric only)",4.19,9.98,5.78,11.49,0.59,0.8929,2024
"B. Random Forest, over-regularised (numeric only)",15.22,15.04,-0.18,15.62,1.15,0.7212,2024
"C. Ridge, log target (all features)",7.87,8.7,0.83,9.23,0.78,0.9151,2024
"D. Gradient boosting, log target (all features)",5.04,8.24,3.2,9.86,0.62,0.8989,2024
